{
  "run_id": "DS_P2B03_Q17B",
  "status": "completed",
  "results": {
    "hellaswag": {
      "alias": "hellaswag",
      "acc,none": 0.45578570005974905,
      "acc_stderr,none": 0.004970234032728297,
      "acc_norm,none": 0.6283608842859988,
      "acc_norm_stderr,none": 0.004822550638450889
    },
    "arc_easy": {
      "alias": "arc_easy",
      "acc,none": 0.6683501683501684,
      "acc_stderr,none": 0.009660733780923964,
      "acc_norm,none": 0.6380471380471381,
      "acc_norm_stderr,none": 0.009860991466688474
    },
    "arc_challenge": {
      "alias": "arc_challenge",
      "acc,none": 0.4761092150170648,
      "acc_stderr,none": 0.014594701798071655,
      "acc_norm,none": 0.5025597269624573,
      "acc_norm_stderr,none": 0.014611199329843788
    },
    "winogrande": {
      "alias": "winogrande",
      "acc,none": 0.6337805840568271,
      "acc_stderr,none": 0.013540144376588898
    },
    "piqa": {
      "alias": "piqa",
      "acc,none": 0.7230685527747551,
      "acc_stderr,none": 0.010440499969334535,
      "acc_norm,none": 0.7328618063112078,
      "acc_norm_stderr,none": 0.010323440492612433
    },
    "boolq": {
      "alias": "boolq",
      "acc,none": 0.7504587155963303,
      "acc_stderr,none": 0.007568802024186033
    }
  }
}