scale,policy,n,mean_ppl,std_ppl,min_ppl,max_ppl
1.7B,bits,3,15.828513,0.123506,15.694706,15.938142
3B,bits,3,11.621058,0.073986,11.548343,11.696252
8B,bits,3,11.597528,0.166031,11.460868,11.782303
1.7B,rank,3,15.820030,0.122678,15.691589,15.935990
3B,rank,3,11.733743,0.098836,11.648213,11.841945
8B,rank,3,11.615367,0.162207,11.482782,11.796233
