{
  "run_id": "DS_G2R02_Q8B",
  "status": "completed",
  "results": {
    "hellaswag": {
      "alias": "hellaswag",
      "acc,none": 0.5764787890858395,
      "acc_stderr,none": 0.004931065434173695,
      "acc_norm,none": 0.7742481577375024,
      "acc_norm_stderr,none": 0.00417222055479939
    },
    "arc_easy": {
      "alias": "arc_easy",
      "acc,none": 0.8211279461279462,
      "acc_stderr,none": 0.007864024474332735,
      "acc_norm,none": 0.8135521885521886,
      "acc_norm_stderr,none": 0.007991706887152646
    },
    "arc_challenge": {
      "alias": "arc_challenge",
      "acc,none": 0.6296928327645052,
      "acc_stderr,none": 0.01411129875167495,
      "acc_norm,none": 0.6655290102389079,
      "acc_norm_stderr,none": 0.013787460322441375
    },
    "winogrande": {
      "alias": "winogrande",
      "acc,none": 0.7632202052091555,
      "acc_stderr,none": 0.011947592365207397
    },
    "piqa": {
      "alias": "piqa",
      "acc,none": 0.794885745375408,
      "acc_stderr,none": 0.009420971671017915,
      "acc_norm,none": 0.8019586507072906,
      "acc_norm_stderr,none": 0.009298209954776725
    },
    "boolq": {
      "alias": "boolq",
      "acc,none": 0.8363914373088684,
      "acc_stderr,none": 0.006469941343840764
    }
  }
}